PAYS,Site,Pont,"ACCESSOIRES :
Pince ou 
Elingue",EGT,EGT €,COMMENTAIRES,Ligne de Presse ou utilisation,MES,Observations,Age,PRIX NEUF,"Travaux 
RG ou Installation Nouveau Pont",Pont à évaluer en interne par Référent Levage (MES>2008),Année Evaluation Interne,Evaluation Spéciale O/N,EVS Année,E/S Montant,2024 EGT,2025 OPEX DF (EVS et travaux préconisés) (EVS et travaux préconisés),2025 RGE/RGM CAPEX IV,2025 ACHAT NEUF CAPEX IV,2026 OPEX DF (EVS et travaux préconisés),2026 RGE/RGM CAPEX IV,2026 ACHAT NEUF CAPEX IV,2027 OPEX DF (EVS et travaux préconisés),2027 RGE/RGM CAPEX IV,2027 ACHAT NEUF CAPEX IV,2028 OPEX DF (EVS et travaux préconisés),2028 RGE/RGM CAPEX IV,2028 ACHAT NEUF CAPEX IV,2029 OPEX DF (EVS et travaux préconisés),2029 RGE/RGM CAPEX IV,2029 ACHAT NEUF CAPEX IV,2030 OPEX DF (EVS et travaux préconisés),2030 RGE/RGM CAPEX IV,2030 ACHAT NEUF CAPEX IV,2031 OPEX DF (EVS et travaux préconisés),2031 RGE/RGM CAPEX IV,2031 ACHAT NEUF CAPEX IV,2032 OPEX DF (EVS et travaux préconisés),2032 RGE/RGM CAPEX IV,2032 ACHAT NEUF CAPEX IV,2033 OPEX DF (EVS et travaux préconisés),2033 RGE/RGM CAPEX IV,2033 ACHAT NEUF CAPEX IV,2034 OPEX DF (EVS et travaux préconisés),2034 RGE/RGM CAPEX IV,2034 ACHAT NEUF CAPEX IV,2035 OPEX DF (EVS et travaux préconisés),2035 RGE/RGM CAPEX IV,2035 ACHAT NEUF CAPEX IV,2036 OPEX DF (EVS et travaux préconisés),2036 RGE/RGM CAPEX IV,2036 ACHAT NEUF CAPEX IV,2037 OPEX DF (EVS et travaux préconisés),2037 RGE/RGM CAPEX IV,2037 ACHAT NEUF CAPEX IV,Unnamed: 58,Unnamed: 59,Unnamed: 60,Unnamed: 61,"USAGE :
Manutention et/ou
Manipulation","TYPE :
Automate ou
Electromécanique","ROADMAP 
Capex
Obsolescence","ROADMAP
SECURISATION",Unnamed: 66,Unnamed: 67,Unnamed: 68
1-FRANCE,Chassis,Pont E4 20T 48444 SEVAL/OMIS,,,,,,2012.0,HORS SCOPE DEPT EMB,14.0,,,Evaluation interne,2032,N,2051,40000,,,,,,,,,,,,,,,,,,,,,,,,,,,,,,,,,,,,,,,,,,,,Pont E4 20T 48444 SEVAL/OMIS,,,,,,,
1-FRANCE,Chassis,Pont E0 46833 25 T KONECRANES,,,,,,2010.0,HORS SCOPE DEPT EMB,16.0,,RGE,Evaluation interne,2030,N,2049,40000,,,,,,,,,,,,,,,,,,,,,,,,,,,,,,,,40000,,,,,,,,,,,,Pont E0 46833 25 T KONECRANES,,,2035,,,,
1-FRANCE,Chassis,SP HH3 44839 25T ADC,,,,,,2008.0,HORS SCOPE DEPT EMB,18.0,,RGE, , ,N,2047,25000,,,,,,,,,,,,,,,,,,,,,,,,,,50000,,,,,,,,,,,,,,,,,,SP HH3 44839 25T ADC,Manipulation ,,2033,,,,
1-FRANCE,Chassis,Pont E2 1470200822 4T SEVAL,,,,,,2003.0,HORS SCOPE DEPT EMB,23.0,,, , ,N,2042,40000,,,,,,,,,,,,,,,,,,,,,,,,,,,,,,,,,,,,,,,,,,,,Pont E2 1470200822 4T SEVAL,,,,,,,
1-FRANCE,Chassis,Pont E2' 1470200821 8/8 T DEMAG,,,,,,2003.0,HORS SCOPE DEPT EMB,23.0,,, , ,N,2042,40000,,,,,,,,,,,,,,,,,,,,,,,,,,,,,,,,,,,,,,,,,,,,Pont E2' 1470200821 8/8 T DEMAG,,,,,,,
1-FRANCE,Chassis,Pont E2 1470200820 14/14 T SEVAL,,,,,,2003.0,HORS SCOPE DEPT EMB,23.0,,RGE, , ,N,2042,40000,,,,,,,,,,,,,,40000,,,,,,,,,,,,,,,,,,,,,,,,,,,,,,Pont E2 1470200820 14/14 T SEVAL,,,2029,,,,
1-FRANCE,Chassis,Pont (SP ?) E4 1470200756 8T,,,,,,2003.0,HORS SCOPE DEPT EMB,23.0,,RGE, , ,N,2042,40000,,,,,,,,,,,20000,,,,,,,,,,,,,,,,,,,,,,,,,,,,,,,,,Pont (SP ?) E4 1470200756 8T,,,2028,,,,
1-FRANCE,Chassis,Pont E5 25 T 1470200554 SEVAL,,,,,,2003.0,HORS SCOPE DEPT EMB,23.0,,RGE, , ,N,2042,40000,,,,,,,,,,,50000,,,,,,,,,,,,,,,,,,,,,,,,,,,,,,,,,Pont E5 25 T 1470200554 SEVAL,,,2028,,,,
1-FRANCE,Chassis,Pont E6 1470000240 50T SAMETO,,,,,,2001.0,HORS SCOPE DEPT EMB,25.0,,RGE 25 ans, , ,N,2040,40000,,,,,,,,,170000,,,,,,,,,,,,,,,,,,,,,,,,,,,,,,,,,,,Pont E6 1470000240 50T SAMETO,,,2027,2025.0,,,
1-FRANCE,Chassis,Pont E6 1470001297 50/50T SAMETO,,,,,,2001.0,HORS SCOPE DEPT EMB,25.0,,RGE 25 ans, , ,N,2040,40000,,,,,,,,,170000,,,,,,,,,,,,,,,,,,,,,,,,,,,,,,,,,,,Pont E6 1470001297 50/50T SAMETO,,,2027,,,,
1-FRANCE,Chassis,Pont E0 1470000704 25 T SEVAL,,,,,,2000.0,HORS SCOPE DEPT EMB,26.0,,RGE, , ,N,2039,40000,,,,,,150000,,,,,,,,,,,,,,,,,,,,,,,,,,,,,,,,,,,,,,Pont E0 1470000704 25 T SEVAL,,,2026,,,,
1-FRANCE,Chassis,Pont E2 1479900509 16T SAMETO,,,,,,1999.0,HORS SCOPE DEPT EMB,27.0,,RGE, , ,N,2038,40000,,,,,,120000,,,,,,,,,,,,,,,,,,,,,,,,,,,,,,,,,,,,,,Pont E2 1479900509 16T SAMETO,,,2026,,,,
1-FRANCE,Chassis,Pont E1 759847 20T SAMETO,,,,,,1994.0,HORS SCOPE DEPT EMB,32.0,,RGE, , ,N,2033,40000,,,,,,150000,,,,,,,,,,,,,,,,,,,,,,,,,,,,,,,,,,,,,,Pont E1 759847 20T SAMETO,,,2026,,,,
1-FRANCE,Chassis,Pont E1 759848 20/20 T SAMETO (RGE 2019),,,,,,1994.0,HORS SCOPE DEPT EMB,32.0,,, , ,N,2033,40000,,,,,,,,,,,,,,,,,,,,,,,,,,,,,,,,,,,,,,,,,,,,Pont E1 759848 20/20 T SAMETO (RGE 2019),,,,,,,
1-FRANCE,LHA,Pont J12 63T,Pince,,,,L08,2006.0,,20.0,950000.0,RGE, , ,NC,2045,40000,,,,,,,,,,,60000,,,,,,,,,,,,,,,,,,,,,,,,,,,,,,,,,Pont J12,,,2028,,,,
1-FRANCE,LHA,Pont J11 63T,Pince,,,,L11,2006.0,,20.0,,RGE, , ,,2045,40000,,,,,,,,,,,,,,,,,,,,,170000,,,,,,,,,,,,,,,,,,,,,,,Pont J11,,,2029,,,,
1-FRANCE,LHA,Pince outils J11,PINCE,,,,L11,1999.0,,27.0,,RG, , ,NC,,,,,100000.0,,,,,,,,,,,,,,,,,,,,,,,,,,,,,,,,,,,,,,,,,,,,,,,,
1-FRANCE,LHA,Pince à outil J12,PINCE,,,,STOCKAGE,1999.0,,27.0,220000.0,RGM, , ,NC,,,,,,,,85000,,,,,,,,,,,,,,,,,,,,,,,,,,,,,,,,,,,,,,,,,,,,,
1-FRANCE,LHA,Pont J3 63/63T CAILLARD ,Elingue,,,,MAP/MAINTENANCE,1970.0,RGE 1998,56.0,1170000.0,2026 prov pour travaux / Installation nouveaux ponts 2027, , ,N,2026,40000,,,,,69000,,,,170000,,,,1170000,,,,,,,,,,,,,,,,,,,,,,,,,,,,,,,Pont J3 63/63T CAILLARD,,,2026,,,,
1-FRANCE,LHA,Semi-portique N°1 J3 CHSL HUGO 10T,Elingue,,,,MAP/MAINTENANCE,1979.0,,47.0,120000.0,RG, , ,N,2026,20000,,,,,20000,,,,,,,,,,,,,,,,,,,,,,,,,,,,,,,,,,,,,,,Semi-portique N°1 J3 CHSL,Manipulation ,,,,,,
1-FRANCE,LHA,Semi-portique N°2 J3 CHSL (10T SAMETO?)-STOP 06/02,Elingue,,,,MAP/MAINTENANCE,1979.0,RGE 2003,47.0,120000.0,RG, , ,N,2026,20000,,,,,20000,,,,,,,,,,,,,,,,,,,,,,,,,,,,,,,,,,,,,,,Semi-portqiue N°2 J3 CHSL,Manipulation ,,,,,,
1-FRANCE,LHA,Pont J1sud 63T CAILLARD,,,,,80%OUTILS / 20%BOBINES,1970.0,,56.0,,RGE 50 ans , , ,O,2035,40000,,65000,,,,,,,170000,,,,,,,,,,,,,,,,,,,,,,,40000,,,,,1120000,,,,,,,Pont J1sud 63T,,,2026,,,,
1-FRANCE,LHA,J1 Nord,Pince,,,,STOCKAGE,,,,,, , ,,,,,,,,,,,,,,,,,,,,,,,,,,,,,,,,,,,,,,,,,,,,,,,J1 Nord,,,,,,,
1-FRANCE,LHA,J2 Nord ,Elingue,2027,80000,,STOCKAGE,,,,,, , ,,,,,,,,,,,,,,,,,,,,,,,,,,,,,,,,,,,,,,,,,,,,,,,J2 Nord,,,,2025.0,,,
1-FRANCE,LHA,J2 Sud,Elingue,2026,80000,,PAL/PAVAR,,,,,, , ,,,,,,,,,,,,,,,,,,,,,,,,,,,,,,,,,,,,,,,,,,,,,,,J2 Sud,,,,,,,
1-FRANCE,MCA,Pont 63T XLHS SECAL,Pince,,,,XL HS,2019.0,,7.0,,,Evaluation interne,2039,N,2039,40000,,,,,,,,,,,,140000,,,,,,,,,,,,,,,,,,,,,,,,,,,,,,,,Pont 63T XLHS SECAL,,,2028,,,,
1-FRANCE,MCA,PINCE 50T XXL HS,,,,,XXL HS,2019.0,,7.0,,,Evaluation interne,2039,,2039,,,,,,,,,,,,,,,,,,,,,,,,,,,,,,,,,,,,,,,,,,,,,,,,,,,,
1-FRANCE,MCA,Pont 50/50 T XLHS SECAL,Pince,,,,MAP XL ,2019.0,,7.0,,,Evaluation interne,2039,N,2058,40000,,,,,,,,,,,,,,,170000,,,,,,,,,,,,,,,,,,,,,,,,,,,,,Pont 50/50 T XLHS SECAL,,,2029,,,,
1-FRANCE,MCA,Pont 25 T PAL SEVAL,Elingue,EGT,,,PAL,2001.0,,25.0,,RGE 25 ans, , ,N,2040,40000,,,135000.0,,,,290000,,,,,,,,,,,,,,,,,,,,,,,,,,,,,,,,,,,,,Pont 25 T PAL SEVAL,,,2025,,,,
1-FRANCE,MCA,Pont 32 T Appro bobines SAMETO,Pince,,,,BOBINES,2000.0,,26.0,,RGE 25 ans, , ,N,2039,40000,,,,,,,,,,,,170000,,,,,,,,,,,,,,,,,,,,,,,,,,,,,,,,Pont 32 T Appro bobines SAMETO,,,2027,,,,
1-FRANCE,MCA,Pont 25/25T Nord SAMETO,Elingue,,,,MAP (et ex L3),1998.0,,28.0,,RGE 25 ans, , ,N,2037,40000,,,,,,,,,0,,,,,,,,,,,,,,,,,,,,,,,,,,,,,,,,,,,Pont 25/25T Nord SAMETO,,,2025,2025.0,,,
1-FRANCE,MCA,Semi-portique 25/25 T surclassé 30T SEVAL,,,,,MAP/travée 5400T,1996.0,,30.0,,RGE 25 ans, , ,N,2035,25000,,,,,,,,,170000,,,,,,,,,,,,,,,,,,,,,,,,,,,,,,,,,,,Semi-portique 25/25 T surclassé 30T SEVAL,,,2026,,,,
1-FRANCE,MCA,Pont 80T SAMETO,Pince,,,,PT5400,1995.0,,31.0,,RGE 25 ans, , ,N,2034,40000,,,,,,,,,0,,,,,,,,,,,,,,,,,,,,,,,,,,,,,,,,,,,Pont 80T SAMETO,,,2026,,,,
1-FRANCE,MCA,Pont 25/25 T Sud SEVAL L01,Elingue,2027,80000,,L01,1994.0,,32.0,,RGE 25 ans, , ,N,2033,40000,,,,,,,,,170000,,,,,,,,,,,,,,,,,,,,,,,,,,,,,,,,,,,Pont 25/25 T Sud SEVAL,,,2027,,,,
1-FRANCE,UGB,Pont A1 GE 35 T SECAL,Pince,,,,BOBINES,2016.0,,10.0,,,Evaluation interne,2036,N,2055,40000,,,,,,,,,,,,,,,,,,,,,,,,,,,,,,,,,,,,,,,,,,,,Pont A1 GE 35 T SECAL,,,Pince,,,,
1-FRANCE,UGB,Pont A1 PE 35 T KONECRANES,Pince,,,,BOBINES,2010.0,,16.0,,RGE 25 ans,Evaluation interne,2030,N,2049,40000,,,,,,,,,,,,,,,,,40000,,,,,,,,,,,,,,,,170000,,,,,,,,,,,Pont A1 PE 35 T KONECRANES,,,2035,,,,
1-FRANCE,UGB,Pont A2 GE 35 T KONECRANES ,Elingue,EGT,,,DECOUPES,2008.0,,18.0,,RGE 25 ans, , ,N,2047,40000,,,,,,,,,,,,,,,,,,,,,,,,,,,170000,,,,,,,,,,,,,,,,,Pont A2 GE 35 T KONECRANES ,,,2033,,,,
1-FRANCE,UGB,Pont A2 PE 35 T KONECRANES,Elingue,EGT,,,DECOUPES,2006.0,,20.0,,RGE 25 ans, , ,N,2045,40000,,,,,,,,,,,,,,,,,,,,,170000,,,,,,,,,,,,,,,,,,,,,,,Pont A2 PE 35 T KONECRANES,,,2031,,,,
1-FRANCE,UGB,Pont A2 50 T SAMETO ,Elingue,2026,80000,"défini FD/DD/ER arbitrairement le 21/04, sera présenté au CdD par Florian",PAL340,2001.0,AC installé en 2018 suite usure galets ,25.0,,RGE 25 ans, , ,N,2040,40000,,,,,,,,,,,,170000,,,,,,,,,,,,,,,,,,,,,,,,,,,,,,,,Pont A2 50 T SAMETO ,,,2027,,,,
1-FRANCE,UGB,Pont A7 63/63 T SEVAL,Elingue,EGT,,,STOCKAGE,2004.0,,22.0,,RGE 25 ans, , ,N,2043,40000,,,,,,,,,,,,,,,170000,,,,,,,,,,,,,,,,,,,,,,,,,,,,,Pont A7 63/63 T SEVAL,,,2029,,,,
1-FRANCE,UGB,Pont A8 63/63 T SAMETO ,Elingue,EGT,,,L12,2001.0,,25.0,1170000.0,RGE 25 ans, , ,N,2040,40000,,,,,,,,,0,,,,,,170000,,,,,,,,,,,,,,,,,,,,,,,,,,,,,Pont A8 63/63 T SAMETO,,,2026,2026.0,"était prévu 2025, budget 25 transféré à CVP",,
1-FRANCE,UGB,Pont A9 63/63 T KONECRANES,,NC,,,MAINTENANCE/MAP,2005.0,,21.0,,RGE 25 ans, , ,N,2044,40000,,,,,,,,,,,,,,,,,,170000,,,,,,,,,,,,,,,,,,,,,,,,,,Pont A9 63/63 T KONECRANES,,,2030,,,,
1-FRANCE,UGB,Pont A10 63/63 T SAMETO,,EGT,,,X L17,1996.0,,30.0,,RGE 25 ans, , ,N,2035,40000,,,,,,,,,170000,,,,,,,,,,,,,,,,,,,,,,,,,,,,,,,,,,,Pont A10 63/63 T SAMETO,,,2027,,,,
1-FRANCE,UGB,Pont A11 63/63 T CAILLARD/SAMETO ?,,EGT,,,HO,1974.0,RGE 2000,52.0,1170000.0,RGE 25 ans, , ,N,2026,40000,,,,,80000,,,,170000,,,,,,,,,,,,,,,,,,,,,,,,,,,,,,,,,,,Pont A11 63/63 T CAILLARD/SAMETO ?,,,2027,,,,>2027
1-FRANCE,UGB,Pont A12 Caillard/SAMETO 63 T ,Elingue,2027,,,L21,1974.0,RGE 1999,52.0,950000.0,RGE, , ,N,2027,40000,,60000,,,160000,,,40000,,,,,900000,,,,,,,,,,,,,,,,,,,,,,,,,,,,,,,Pont A12 Caillard/SAMETO 63 T ,,,2028,2025.0,,,2025
1-FRANCE,UGB,Pont A13 80 T SECAL/OMIS,Pince,,,,PT5400,2015.0,,11.0,,,Evaluation interne,2035,N,2054,40000,,,,,,,,,,,,,,,,,,,,,,,,,,,,,,,,,,,,,,,,,,,,Pont A13 80 T SECAL/OMIS,,,,,,,
1-FRANCE,UGB,Pont A14 63/63 T ADC,,NC,,,X MP,2019.0,,7.0,,,Evaluation interne,2039,N,2058,40000,,,,,,,,,,,,,,,,,,,,,,,,,,,,,,,,,,,,,,,,,,,,Pont A14 63/63 T ADC,,,,,,,
1-FRANCE,UGB,Pont A15 50/50 T SEVAL/OMIS,,NC,,,X,2012.0,,14.0,,,Evaluation interne,2032,N,2051,40000,,,,,,,,,,,,,,,,,,,,,,,,,,,,,,,,,,,,,,,,,,,,Pont A15 50/50 T SEVAL/OMIS,,,,,,,
1-FRANCE,UGB,Pont A16 63/63 T SAMETO,,NC,,,MAP,1993.0,,33.0,120000.0,RGE 25 ans, , ,N,2032,40000,,,,,,,,,,,,170000,,,,,,,,,,,,,,,,,,,,,,,,,,,,,,,,Pont A16 63/63 T SAMETO,,,2028,,,,Not Relevant
1-FRANCE,UGB,Semi-portique A16 10 T,,NC,,,,1974.0,,52.0,,STOP-à remplacer par SP A15, , ,O,2025,25000,,40000,,,,,,,,,,,,,,,,,,,,,,,,,,,,,,,,,,,,,,,,,,Semi-portique A16 10 T,Manipulation ,,2026,,,,2026
1-FRANCE,UGB,Pont A17 35 T SEVAL/OMIS,,,,,INJECTION,2009.0,HORS SCOPE DEPT EMB,17.0,,,Evaluation interne,2029,N,2048,40000,,,,,,,,,,,,,,,,,,,,,,,,,,,,,,,,,,,,,,,,,,,,Pont A17 35 T SEVAL/OMIS,,,,,,,
1-FRANCE,UGB,Pont A18 CAILLARD 32/32T ,,,,,INJECTION,1974.0,HORS SCOPE DEPT EMB,52.0,675000.0,Installation nouveaux ponts ou RGE, , ,O,2031,40000,,,,,40000,,,,170000,,,,,,,,,,,,,,,,,,,,,,,,,,,,,,,,,,,Pont A18 32/32T ,,,2027,,,,2027
1-FRANCE,UPL,Pont AA1 45 T SEVAL,Elingue,EGT,,,,2005.0,,21.0,,RGE, , ,N,2044,40000,,,,,,,,,,,,,,,,,,,,,,,60000,,,,,,,,,,,,,,,,,,,,,Pont AA1 45 T SEVAL,,,2032,,,,COUT TOTAL : 40 K€
1-FRANCE,UPL,Pince outils AB2,Pince,,,,L21/24,2005.0,,21.0,,RG, , ,NC,2044,40000,,,,,,,,,90000,,,,,,,,,,,,,,,,,,,,,,,,,,,,,,,,,,,,,,,,,,
1-FRANCE,UPL,Pince outils AB6 ,Pince,,,,,2005.0,,21.0,,RG, , ,NC,2044,,,,,,,,,,90000,,,,,,,,,,,,,,,,,,,,,,,,,,,,,,,,,,,,,,,,,,
1-FRANCE,UPL,Pont AB3 50T SAMETO,Elingue,EGT,,,,2001.0,,25.0,840000.0,RGE 25 ans, , ,N,2040,40000,,,,,,,,,,,,,,,,,,170000,,,,,,,,,,,,,,,,,,,,,,,,,,Pont AB3 50T SAMETO,,,2030,,,,Briques Solution initiale :
1-FRANCE,UPL,Pont AA3 28T SEVAL,Elingue,EGT,,,,2001.0,,25.0,675000.0,RGE 25 ans, , ,N,2040,40000,,,,,,,,,,,,,,,,,,170000,,,,,,,,,,,,,,,,,,,,,,,,,,Pont AA3 28T SEVAL,,,2030,,,,- Périmètres de sécurité
1-FRANCE,UPL,Pont AB1 43 T SEVAL,Elingue,EGT,,,L12,1997.0,,29.0,,RGE, , ,N,2036,40000,,,,,,,,,,,,,,,,,,,,,,,,,,,,,,,,,,,,,,,,,,,,Pont AB1 43 T SEVAL,,,2027,2025.0,Confirmé Yannick,,"Priorité 2 : ponts avec pinces (outils, bobines)"
1-FRANCE,UPL,Pont AB2 40T SEVAL,Pince,,,,L21/24,1993.0,"var transl faite, reste second crochet",33.0,,RGE 25 ans, , ,N,2032,40000,,,,,,,,,25000,,,,,,,,,,,,,,,,,,,,,,,,,,,,,,,,,,,Pont AB2 40T SEVAL,,,2026,,,,Priorité 1 : Pont Transfert Outil avec élingues
1-FRANCE,UPL,Pont AA5 28 T SEVAL,Elingue,2027,80000,,STOCKAGE,1993.0,,33.0,,RGE 25 ans, , ,N,2032,40000,,,,,,,,,25000,,,,,,,,,,,,,,,,,,,,,,,,,,,,,,,,,,,Pont AA5 28 T SEVAL,,,2026,,,,Priorité 1bis : Pont Obso (RGE prévue ou changement de pont)
1-FRANCE,UPL,Pont AB5 40 T SEVAL ,Elingue,,,,MAP,1993.0,,33.0,,RGE 25 ans, , ,N,2032,40000,,,,,,,,12000,,,,,,,,,,,,,,,,,,,,,,,,,,,,,,,,,,,,Pont AB5 40 T SEVAL ,,,asap,,,,2024
1-FRANCE,UPL,Pont RAsud 32T  CHSL,Elingue,,,,STOCKAGE,1971.0,Projet pince 2026 en cours,55.0,850000.0,Installation nouveaux ponts, , ,O,2024,40000,,,,,,,,,,,,,,,,,40000,,,,,850000,,,,,,,,,,,,,,,,,,,,,,Pont RAsud 32T  CHSL,,,2026,,,,
1-FRANCE,UPL,Pont RAcentre 32T CHSL,Elingue,EGT,,,STOCKAGE,1971.0,,55.0,860000.0,Installation nouveaux ponts, , ,N,2026,40000,,,,,65000,,,,,860000,,,,,,,,,,,,,,,,,,,,,,,,,,,,,,,,,,Pont RAcentre 32T CHSL,,,2027,,,,Eventgate : 15 K€ (facturé 18/20K€ par l'intégrateur)
1-FRANCE,UPL,Pont RA Nord 32T CHSL,Elingue,EGT,,,STOCKAGE,1971.0,,55.0,675000.0,Installation nouveaux ponts, , ,N,2027,40000,,,,,,,,65000,,,,,860000,,,,,,,,,,,,,,,,,,,,,,,,,,,,,,,Pont RA Nord 32T CHSL,,,2028,,,,Intégrateur : 20 K€
1-FRANCE,UPL,Pont AF3 32T SAMETO,,,,,Stockage outils,1971.0,,55.0,675000.0,,,,N,2026,"40,00",,,,,40000,,,,,,,170000,,,,,,,,,,,,,,,,,,,,,,,,,,,,,,,,,,,,,,,
1-FRANCE,UPL,Pont AB6. FLC/SAMETO.  50T,Pince,,,,L62,1969.0,rénovation en 2000,57.0,840000.0,RGE, , ,O,2027,40000,,50000,,,,,,40000,,,,,,,,,,,,,,,,,,,,,,,,,,,,,,,,,,,,Pont AB6. FLC/SAMETO.  50T,Manutention,,2025,,,,
1-FRANCE,UPL,Pont AA4 6T APPLEVAGE,Elingue,,,,MAINTENANCE ,1958.0,,68.0,70000.0,, , ,O,2025,8000,,8000,,,,,,,,,,,,,,,8000,,,,,,,,,,,,,,,,,,,,,,,,,,,Pont AA4 6T APLEVAGE,,,asap,,,,Done
1-FRANCE,UPL,Pont AB4 Nord 15T APPLEVAGE,Elingue,EGT,,,X,1958.0,,68.0,150000.0,, , ,O,2028,4300,,,,,4300,,,,,,4300,,,,,,,,,,,,,,,,,,,,,,,,,,,,,,,,,Pont AB4 Nord 15T APLEVAGE,,,asap,,,,
1-FRANCE,UPL,Pont AB4 sud 15T APPLEVAGE,Elingue,,,,L43 MP,1957.0,,69.0,150000.0,, , ,O,2028,4300,,,,,4300,,,,,,4300,,,,,,,,,,,,,,,,,,,,,,,,,,,,,,,,,Pont AB4 sud 15T APLEVAGE,,,asap,,,,- Bouées de détection assymétrique
1-FRANCE,UPL,Pont AA2 6T LEVMAN,Elingue,,,,RABOUTEUSES,1953.0,,73.0,,, , ,à désinvestir > sept 25,,,,,,,,,,,,,,,,,,,,,,,,,,,,,,,,,,,,,,,,,,,,,,Pont AA2 6T LEVMAN,,,asap,,,,
2-ESPAGNE,PAL,SP 25/25T SEVAL,Elingue,,,,,2006.0,,20.0,,RGE 25 ans, , ,N,2045,25000,,,,,,,,,,,,,,,,,,,,,,,,,,,,,,,,,,,,,,,,,,,,SP 25/25T SEVAL,Manipulation ,,2029,,,,
2-ESPAGNE,PAL,Pont 63/63T PG1 SEVAL Matriceria,Elingue,,,,MAINTENANCE,2004.0,,22.0,,RGE 25 ans, , ,N,2043,40000,,,,,,,,20000,,,,,,,,,,,,,,,,170000,,,,,,,,,,,,,,,,,,,,Pont 63/63T PG1 SEVAL Matriceria,,,2027,,,,
2-ESPAGNE,PAL,Pont 63T PG2 SEVAL L2,Elingue,EGT,,,L02,2002.0,,24.0,,RGE 25 ans, , ,N,2041,40000,,,,,,,,20000,,,,,,,,,,170000,,,,,,,,,,,,,,,,,,,,,,,,,,Pont 63T PG2 SEVAL L2,,,2026,,,,
2-ESPAGNE,PAL,Pont 63T PG3 SEVAL L3 et 4,Elingue,EGT,RPM S23 - att expertise,,L03/L04,2002.0,,24.0,1100000.0,RGE 25 ans, , ,N,2041,40000,,,,,,329000,,20000,,,,,,,,,,170000,,,,,,,,,,,,,,,,,,,,,,,,,,Pont 63T PG3 SEVAL L3 et 4,,,2026,,,,
2-ESPAGNE,PAL,Pont 32/32T PG4 SEVAL,Elingue,EGT,,,,2005.0,,21.0,,RGE 25 ans, , ,N,2044,40000,,,,,,,,20000,,,,,,,,,,,,,,,,,,,170000,,,,,,,,,,,,,,,,,Pont 32/32T PG4 SEVAL,,,2028,,,,
2-ESPAGNE,PAL,Pont 45/45T PG5 DEMAG High Speed,Elingue,EGT,,,XL HS,2017.0,,9.0,,,Evaluation interne,2037,N,2037,40000,,,,,,,,,,,,,,,,,,,,,,,,,,,,,,170000,,,,,,,,,,,,,,Pont 45/45T PG5 DEMAG High Speed,,,,2025.0,,,
2-ESPAGNE,PAL,Pont 63/63T PG6 DEMAG,Elingue,EGT,,,,2001.0,,25.0,,RGE 25 ans, , ,N,2040,40000,,,,,,,,20000,,,,,,,170000,,,,,,,,,,,,,,,,,,,,,,,,,,,,,Pont 63/63T PG6 DEMAG,,,2026,,,,
2-ESPAGNE,PAL,Pont 45/45T PG7 GH,Elingue,2027,83000,,,2021.0,,5.0,,,Evaluation interne,2041,N,2060,40000,,,,,,,,20000,,,,,,,,,,,,,,,,,,,,,,,,,,,,,,,,,,,,Pont 45/45T PG7 GH,,,,,,,
2-ESPAGNE,VLL,Pont 40 T HOMANSER ,,EGT,,,,2021.0,,5.0,,,Evaluation interne,2041,N,2060,40000,,,,,,,,,,,,,,,,,,,,,,,,,,,,,,,,,,,,,,,,,,,,Pont 40 T HOMANSER ,,,,,,,
2-ESPAGNE,VLL,Pont 10 T HOMANSER,,EGT,,,X,2021.0,,5.0,,,Evaluation interne,2041,N,2060,40000,,,,,,,,,,,,,,,,,,,,,,,,,,,,,,,,,,,,,,,,,,,,Pont 10 T HOMANSER,,,,,,,
2-ESPAGNE,VLL,Pont 32 Tnord SEVAL bobines + retrofit DEMAG (2016),Pince,,,,BOBINES,2004.0,,22.0,,RG, , ,N,2043,40000,,,110000.0,,,,,,,,,,,,,,,,,,,,,170000,,,,,,,,,,,,,,,,,,,,Pont 32 Tnord SEVAL bobines + retrofit DEMAG (2016),,,2025,,,,
2-ESPAGNE,VLL,Pont 32Tsud SEVAL bobines + retrofit DEMAG (2011),Pince,,,,BOBINES,2004.0,,22.0,,RGE, , ,N,2043,40000,,,110000.0,,,,,,,,,,,,,,,,,,,,,170000,,,,,,,,,,,,,,,,,,,,Pont 32Tsud SEVAL bobines + retrofit DEMAG (2011),,,2025,,,,
2-ESPAGNE,VLL,Pont 63/63 T ARAEL L1,Elingue,EGT,,,L1,2000.0,,26.0,,RGE, , ,N,2039,40000,,,,,,,,,,,,170000,,,,,,,,,,,,,,,,,,,,,,,,,,,,,,,,Pont 63/63 T ARAEL L1,,,2027,,,,
2-ESPAGNE,VLL,Pont 63/63 T SEVAL L3,Elingue,EGT,,,L3,1998.0,,28.0,,RGE 25 ans, , ,N,2037,40000,,,,A DECALER,,,,,170000,,,,,,,,,,,,,,,,,,,,,,,,,,,,,,,,,,,Pont 63/63 T SEVAL L3,,,2026,,annulé au profit de L05/06,,
2-ESPAGNE,VLL,Pont 32/32 T SEVAL L5,Elingue,2026,88000,,L5/L6,2001.0,,25.0,,RGE 25 ans, , ,N,2040,40000,,,,,,,,,,,,,,,170000,,,,,,,,,,,,,,,,,,,,,,,,,,,,,Pont 32/32 T SEVAL L5,,,2028,2025.0,changement chef de dpt 16/04/25,,
2-ESPAGNE,VLL,Pont 32? 25?/32? 25 T ARAEL L7,Elingue,,,,MP L07,1999.0,,27.0,,RGE 25 ans, , ,N,2038,40000,,,,A DECALER,,,,,170000,,,,,,,,,,,,,,,,,,,,,,,,,,,,,,,,,,,Pont 32? 25?/32? 25 T ARAEL L7,,,2026,,,,
2-ESPAGNE,VLL,Pont 63/63 T SEVAL L9,Elingue,EGT,,,L9,2000.0,,26.0,,RGE, , ,N,2039,40000,,,,,,,,,,,,170000,,,,,,,,,,,,,,,,,,,,,,,,,,,,,,,,Pont 63/63 T SEVAL L9,,,2027,,,,
2-ESPAGNE,VLL,Pont 32/32 T SEVAL L11,Elingue,EGT,,,L11,2002.0,,24.0,,RGE, , ,N,2041,40000,,,,,,,,,,,,,,,,,,170000,,,,,,,,,,,,,,,,,,,,,,,,,,Pont 32/32 T SEVAL L11,,,2029,,,,
2-ESPAGNE,VLL,Pont 32/32 T SEVAL Matricea 13a,Elingue,,,,MAINTENANCE,2003.0,,23.0,,RGE, , ,N,2042,40000,,,,,,,,,,,,,,,,,,,,,170000,,,,,,,,,,,,,,,,,,,,,,,Pont 32/32 T SEVAL Matricea 13a,,,2030,,,,
2-ESPAGNE,VLL,Pont 63/63 T SEVAL L13b,Elingue,EGT,,,L13B,2003.0,,23.0,,RGE, , ,N,2042,40000,,,,,,,,,,,,,,,,,,,,,170000,,,,,,,,,,,,,,,,,,,,,,,Pont 63/63 T SEVAL L13b,,,2030,,,,
2-ESPAGNE,VLL,Pont 63/63 T SEVAL L15,Elingue,EGT,,,L15,2002.0,,24.0,,RGE, , ,N,2041,40000,,,,,,,,,,,,,,,,,,170000,,,,,,,,,,,,,,,,,,,,,,,,,,Pont 63/63 T SEVAL L15,,,2029,,,,
2-ESPAGNE,VLL,Pont 32/32 T SEVAL L17,Elingue,EGT,,,PPT L17,2001.0,,25.0,,RGE 25 ans, , ,N,2040,40000,,,,,,,,,,,,,,,170000,,,,,,,,,,,,,,,,,,,,,,,,,,,,,Pont 32/32 T SEVAL L17,,,2028,,,,
2-ESPAGNE,VLL,Pont DEMAG Matriceria,Elingue,,,,MAINTENANCE,1970.0,,56.0,150000.0,A consolider, , ,N,2025,40000,,65000,,,,,,,150000,,,,,,,,,,,,,,,,,,,,,,,,,,,,,,,,,,,Pont DEMAG Matricea,,,,,,,
ARGENTINE,Cordoba,Pont N°1  25T + 5T JONACH,Elingue,EGT,,,,1968.0,,58.0,750000.0,RGE, , ,N,2025,40000,,,,,13000,,,,,,,,,,,,,,,,,,,,,,,,,,,,,,,,,,,,,,,Pont N°1  25T + 5T JONACH,,,WIP,,,,
ARGENTINE,Cordoba,"Pont N°4 40T + 7,5T  JONACH",Elingue,EGT,,,,1968.0,,58.0,1000000.0,RGE, , ,N,2025,40000,,,,,13000,,,,,,,,,,,,,,,,,,,,,,,,,,,,,,,,,,,,,,,"Pont N°4 40T + 7,5T  JONACH",,,WIP,,,,
ARGENTINE,Cordoba,SP N°5  35T + 5T  JONACH,Elingue,,,,,1971.0,,55.0,1012500.0,RGE , , ,N,2026,25000,,,,,,,,,,,,,,,,,,,,,,,,,,,,,,,,,,,,,,,,,,,,SP N°5  35T + 5T  JONACH,,,WIP,,,,
ARGENTINE,Cordoba,Pont N°7    5T  GAMA,Elingue,EGT,,,,1960.0,,66.0,91000.0,RGE, , ,N,2025,40000,,,,,13000,,,,,,,,,,,,,,,,,,,,,,,,,,,,,,,,,,,,,,,Pont N°7    5T  GAMA,,,WIP,,,,
ARGENTINE,Cordoba,Pont N°11   35T + 17T FORVIS,Elingue,EGT,,,,2013.0,,13.0,,,Evaluation interne,2033,N,2052,40000,,,,,,,,,,,,,,,,,,,,,,,,,,,,,,,,,,,,,,,,,,,,Pont N°11   35T + 17T FORVIS,,,WIP,,,,
ARGENTINE,Cordoba,Pont N° 14  35T + 17T FORVIS,Elingue,EGT,,,,2013.0,,13.0,,,Evaluation interne,2033,N,2052,40000,,,,,,,,,,,,,,,,,,,,,,,,,,,,,,,,,,,,,,,,,,,,Pont N° 14  35T + 17T FORVIS,,,WIP,,,,
BRESIL,Curitiba,Pont 63 T TGSE L1 DEMAG,Elingue,EGT,,,L1,2000.0,,26.0,,RGE 25 ans, , ,N,2039,40000,,,,,,,,,300000,,,,,,,,,,,,,,,,,,,,,,,,,,,,,,,,,,,Pont 63 T TGSE L1 DEMAG,,,2026,,,,
BRESIL,Curitiba,Pont 63/32 T MAP1 DURAFERRO,Elingue,,,,MAP1,2000.0,,26.0,,RGE 25 ans, , ,N,2039,40000,,,,,,,,,300000,,,,,,,,,,,,,,,,,,,,,,,,,,,,,,,,,,,Pont 63/32 T MAP1 DURAFERRO,,,2026,,,,
BRESIL,Curitiba,Pont 40/20 T GSE L2  DEMAG,Elingue,EGT,,,L2,2006.0,,20.0,,RGE 25 ans, , ,N,2045,40000,,,,,,,,,,,,,,,,,,,,,300000,,,,,,,,,,,,,,,,,,,,,,,Pont 40/20 T GSE L2  DEMAG,,,2026 / 2030,,,,
BRESIL,Curitiba,Pont 40/20 T MAP2 DEMAG,Elingue,,,,MAP,2014.0,,12.0,,,Evaluation interne,2034,N,2053,40000,,,,,,,,,,,,,,,,,,,,,,,,,,,,,,,,,,,,,,,,,,,,Pont 40/20 T MAP2 DEMAG,,,,,,,
BRESIL,Curitiba,Pont 32T découpe L5 SEVAL (OMIS),Elingue,EGT,,,PAL,2012.0,,14.0,,,Evaluation interne,2032,N,2051,40000,,,,,,,,,,,,,,,,,,,,,,,,,,,,,,,,,,,,300000,,,,,,,,Pont 32T découpe L5 SEVAL (OMIS),,,2036,,,,
BRESIL,Curitiba,Pont 40T TGSE L6 DURAFERRO ,Elingue,???,,,L6,2018.0,,8.0,,,Evaluation interne,2038,N,2057,40000,,,,,,,,,,,,,,,,,,,,,,,,,,,,,,,,,,,,,,,,,,,,Pont 40T TGSE L6 DURAFERRO ,,,,2025.0,tbc S16,,
COREE,Busan,Pont 1 30 T Presse 3200 T,"Elingues acier 14,9 T",,,,,1996.0,,30.0,,, , ,N,2016,40000,,,,,,,,,,,,,,,,,,,,,,,,,,,,,,,,,,,,,,,,,,,,,Manut. Et Manip,,,,,,
COREE,Busan,Pont 2 30 T Presse 2700 T,"Elingues acier 16,2T",,,,,1996.0,,30.0,,, , ,N,2016,40000,,,,,,,,,,,,,,,,,,,,,,,,,,,,,,,,,,,,,,,,,,,,,Manipulation ,Electromécanique,,,,,
COREE,Busan,Pont 3-2 40 T pour presse 5100 T,Elingues Dynema 20T,2028,,80000,,2003.0,,23.0,,, , ,N,2023,40000,,,,,,,,,,,,,,,,,,,,,,,,,,,,,,,,,,,,,,,,,,,,,Manutention,Automate,,,,,
COREE,Busan,Pont 4-1 blanking line 30 T,Pince,,,,,1996.0,,30.0,,, , ,N,2016,40000,,,,,,,,,,,,,,,,,,,,,,,,,,,,,,,,,,,,,,,,,,,,,,,,,,,
COREE,Busan,Pont 4-2 blanking line 30 T,Elingue Dynema 15T,,,,,1997.0,,29.0,,, , ,N,2017,40000,,,,,,,,,,,,,,,,,,,,,,,,,,,,,,,,,,,,,,,,,,,,,,,,,,,
COREE,Busan,Pont 5-1 30/15 T,"Elingues acier 16,2 et 8,8 T",,,,,1996.0,,30.0,,, , ,N,2016,40000,,,,,,,,,,,,,,,,,,,,,,,,,,,,,,,,,,,,,,,,,,,,,,,,,,,
COREE,Busan,Pont 5-3 40/20 T,"Elingues Dyneema 20T/acier 16,2T",,,,,2008.0,,18.0,,, , ,N,2028,40000,,,,,,,,,,,,,,,,,,,,,,,,,,,,,,,,,,,,,,,,,,,,,,,,,,,
COREE,Busan,Pont 6 30 T Presse 3200 T,"Elingues acier 14,9 T",,,,,1997.0,,29.0,,, , ,N,2017,40000,,,,,,,,,,,,,,,,,,,,,,,,,,,,,,,,,,,,,,,,,,,,,,,,,,,
INDE,CHENNAI,Pont N°1  32T DEMAG,Pince,,,,BOBINES,2010.0,,16.0,,,Evaluation interne,2030,N,2049,40000,,,,,,,,,,,,,,,,,,,,,,,,,,,,,,,,,,,,,,,,,,,,,,,,,,,
INDE,CHENNAI,Pont N°2 32T DEMAG,Elingue,,,,BOBINES,2010.0,,16.0,,,Evaluation interne,2030,N,2049,40000,,,,,,,,,,,,,,,,,,,,,,,,,,,,,,,,,,,,,,,,,,,,,,,,,,,
INDE,CHENNAI,Pont N°3 40/20 T DEMAG,Elingue,,,,L LINE,2010.0,,16.0,,,Evaluation interne,2030,N,2049,40000,,,,,,,,,,,,,,,,,,,,,,,,,,,,,,,,,,,,,,,,,,,,,,,,,,,
INDE,CHENNAI,Pont N°4 40T DEMAG,Elingue,,,,L LINE,2010.0,,16.0,,,Evaluation interne,2030,N,2049,40000,,,,,,,,,,,,,,,,,,,,,,,,,,,,,,,,,,,,,,,,,,,,,,,,,,,
INDE,CHENNAI,Pont N°5 40/20 T DEMAG,Elingue,,,,XL LINE 1,2010.0,,16.0,,,Evaluation interne,2030,N,2049,40000,,,,,,,,,,,,,,,,,,,,,,,,,,,,,,,,,,,,,,,,,,,,,,,,,,,
INDE,CHENNAI,Pont N°6 40T DEMAG,Elingue,2027,55000,,XL LINE 1,2010.0,,16.0,,,Evaluation interne,2030,N,2049,40000,,,,,,,,,,,,,,,,,,,,,,,,,,,,,,,,,,,,,,,,,,,,,,,,,,,
INDE,CHENNAI,Pont N°7 40/20 T DEMAG,Elingues,,,,XL LINE 2,2013.0,,13.0,,,Evaluation interne,2033,N,2052,40000,,,,,,,,,,,,,,,,,,,,,,,,,,,,,,,,,,,,,,,,,,,,,,,,,,,
INDE,CHENNAI,Pont N°8 40 T DEMAG,Elingues,2027,55000,,XL LINE 2,2013.0,,13.0,,,Evaluation interne,2033,N,2052,40000,,,,,,,,,,,,,,,,,,,,,,,,,,,,,,,,,,,,,,,,,,,,,,,,,,,
INDE,CHENNAI,Pont N°9 40/20 T DEMAG,Elingues,,,,BAY#4,2016.0,,10.0,,,Evaluation interne,2036,N,2055,40000,,,,,,,,,,,,,,,,,,,,,,,,,,,,,,,,,,,,,,,,,,,,,,,,,,,
MAROC,Tanger,Pont HS1 55T SECAL,Pince,,,,,2020.0,,6.0,,,Evaluation interne,2040,N,2040,40000,,,,,,,,,,,,,,,,,,,,,,,,,,,,,,,,,,,,,,,,,,,,Pont HS1 55T SECAL,,,WIP,2025.0,"pince, L05 TBC",,
MAROC,Tanger,PINCE 40T PONT XL HS,,,,,,2020.0,,6.0,,,Evaluation interne,2040,,2040,,,,,,,,,,,,,,,,,,,,,,,,,,,,,,,,,,,,,,,,,,,,,,,,,,,,
MAROC,Tanger,Pont HS2 SECAL,Pince,,,,,2020.0,,6.0,,,Evaluation interne,2040,N,2059,40000,,,,,,,,,,,,,,,,,,,,,,,,,,,,,,,,,,,,,,,,,,,,Pont HS2 SECAL,,,WIP,,,,
MAROC,Tanger,Pont 11 32 T ADC,Elingue,EGT,,,,2010.0,durée de vie de base : 15-20 ans,16.0,,,Evaluation interne,2030,N,2031,40000,,,,,,,,,,,,,,,,,,,,,,,,,,,,,,,,,,,,,,,,,,,,Pont 11 32 T ADC,,,WIP,,,,
MAROC,Tanger,Pont 12 32 T ADC ,Pince,,,,PAL,2010.0,durée de vie de base : 15-20 ans,16.0,,,Evaluation interne,2030,N,2032,40000,,,,,,,,,,675000,,,,,,,,,,,,,,,,,,,,,,,,,,,,,,,,,,Pont 12 32 T ADC ,,,WIP,,,,
MAROC,Tanger,Pont 31 40/20 T ADC ,Elingue,EGT,,,MAINTENANCE L02,2010.0,durée de vie de base : 15-20 ans,16.0,725000.0,,Evaluation interne,2030,N,2029,40000,,,,,,,,,,,,,,65000,,,,,,,,,,,,,,,,,,,,,,,,,,,,,,Pont 31 40/20 T ADC ,,,WIP,,,,
MAROC,Tanger,Pont 32 32 T ADC,Elingue,EGT,,,,2010.0,durée de vie de base : 15-20 ans,16.0,675000.0,,Evaluation interne,2030,N,2030,40000,,,,,,,,,,,,,,,,,65000,,,,,,,,,,,,,,,,,,,,,,,,,,,Pont 32 32 T ADC,,,WIP,,,,
MAROC,Tanger,Pont 41 40/20 T ADC,Elingue,EGT,,,,2010.0,durée de vie de base : 15-20 ans,16.0,725000.0,,Evaluation interne,2030,N,2027,40000,,,,,,,,65000,,,,,,,,,,,,,,,,,,,,,,,,,,,,,,,,,,,,Pont 41 40/20 T ADC,,,WIP,,,,
MAROC,Tanger,Pont 42 40 T ADC,Elingue,EGT,,,L02,2010.0,durée de vie de base : 15-20 ans,16.0,1000000.0,,Evaluation interne,2030,N,2025,40000,,65000,,,,,,,,700000,,,,,,,,,,,,,,,,,,,,,,,,,,,,,,,,,,Pont 42 40 T ADC,,,WIP,,,,
MAROC,Tanger,Pont 51 40/20 T ADC,Elingue,EGT,,,,2010.0,durée de vie de base : 15-20 ans,16.0,725000.0,,Evaluation interne,2030,N,2028,40000,,,,,,,,,,,65000,,,,,,,,,,,,,,,,,,,,,,,,,,,,,,,,,Pont 51 40/20 T ADC,,,WIP,,,,
MAROC,Tanger,Pont 52 32 T ADC,Elingue,2027,66000,,L03,2010.0,durée de vie de base : 15-20 ans,16.0,675000.0,,Evaluation interne,2030,N,2026,40000,,,,,65000,,,,,,,,,,,,,,,,,,,,,,,,,,,,,,,,,,,,,,,Pont 52 32 T ADC,,,WIP,,,,
MAROC,Tanger,Pont 603 32 T KONECRANES,Pince,,,,CISAILLE,2011.0,,15.0,,,Evaluation interne,2031,N,2050,40000,,,,,,,,,,,,,,,,,,,,,,,,,,,,,,,,,,,,,,,,,,,,Pont 603 32 T KONECRANES,,,WIP,,,,
MAROC,Tanger,Pont 604 40/20 T KONECRANES,Elingue,EGT,,,,2011.0,,15.0,,,Evaluation interne,2031,N,2050,40000,,,,,,,,,,,,,,,,,,,,,,,,,,,,,,,,,,,,,,,,,,,,Pont 604 40/20 T KONECRANES,,,WIP,,,,
MAROC,Tanger,Pont 605 40 T KONECRANES,Elingue,EGT,,,,2011.0,,15.0,,,Evaluation interne,2031,N,2050,40000,,,,,,,,,,,,,,,,,,,,,,,,,,,,,,,,,,,,,,,,,,,,Pont 605 40 T KONECRANES,,,WIP,,,,
MAROC,Tanger,Pont 606 40/20 T KONECRANES,Elingue,EGT,,,,2011.0,,15.0,,,Evaluation interne,2031,N,2050,40000,,,,,,,,,,,,,,,,,,,,,,,,,,,,,,,,,,,,,,,,,,,,Pont 606 40/20 T KONECRANES,,,WIP,,,,
MAROC,Tanger,Pont 607 32 T KONECRANES,Elingue,2026,66000,,L05,2011.0,,15.0,,,Evaluation interne,2031,N,2050,40000,,,,,,,,,,,,,,,,,,,,,,,,,,,,,,,,,,,,,,,,,,,,Pont 607 32 T KONECRANES,,,WIP,,,,
ROUMANIE,Matrite,Pont Bat. 1 25/10T ADC,,,,,MAP,2008.0,,18.0,,RG ISCIR, , ,N,2047,40000,,,,,,,,,,,40000,,,,,,,,,,,,,,,,,,,,,,,,,,,,,,,,,Pont Bat. 1 25/10T ADC,,,WIP,,,,
ROUMANIE,Matrite,Pont bat. H1 40/20 T ADC,,,,,MAP,2008.0,,18.0,,RG ISCIR, , ,N,2047,40000,,,,,,,,,,,,,,,,,,,,,,,40000,,,,,,,,,,,,,,,,,,,,,Pont bat. H1 40/20 T ADC,,,WIP,,,,
ROUMANIE,Matrite,Pont MAP 40/20 T ADC,,,,,MAP,2008.0,,18.0,,RG ISCIR, , ,N,2047,40000,,,,,,,,,,,,,,,,,,,,,,,,,,40000,,,,,,,,,,,,,,,,,,Pont MAP 40/20 T ADC,,,WIP,,,,
ROUMANIE,Matrite,Pont bat. 2 25/10 T ADC,,,,,MAP,2008.0,,18.0,,RG ISCIR, , ,N,2047,40000,,,,,,,,,,,,,,,,,,,,,,,,,,,,,40000,,,,,,,,,,,,,,,Pont bat. 2 25/10 T ADC,,,WIP,,,,
ROUMANIE,Matrite,Pont bat. 2 40/20 T  ADC,,,,,MAP,2008.0,,18.0,,RG ISCIR, , ,N,2047,40000,,,,,,,,,,,,,,,,,,,,,,,,,,,,,,,,40000,,,,,,,,,,,,Pont bat. 2 40/20 T  ADC,,,WIP,,,,
ROUMANIE,Matrite,Pont STAHL 20/5 T,,,,, usinage 3D finition,,,,400000.0,RG ISCIR, , ,N,2026,40000,,,,,,,,,,,,,,,,,,,,,,,,,,,,,,,,,,,,,,,,,,,,Pont STAHL ?,,,WIP,,,,
ROUMANIE,Matrite,Pont STAHL 40/20 T,,,,,MAP,,,,,, , ,N,39,40000,,,,,,,,,,,,,,,,,,,,,,,,,,,,,,,,,,,,,,,,,,,,,,,,,,,
ROUMANIE,PITESTI,Pont 1  63/32 T PROMPT,Pince,,,,BOBINES,2015.0,,11.0,950000.0,RG ISCIR,Evaluation interne,2035,N,2054,40000,,,,,,,,,,,,,,,,,,,,,,,,,,,,,,,,5000,,,,,,,,,,,,Pont 1  63/32 T PROMPT,,,WIP,,,,
ROUMANIE,PITESTI,Pont 2 63/32 T PROMPT,Elingue,EGT,,,,2014.0,,12.0,950000.0,RG ISCIR,Evaluation interne,2034,N,2053,40000,,,,,,,,,,,,,,,,,,,,,,,,,,,,,5000,,,,,,,,,,,,,,,Pont 2 63/32 T PROMPT,,,WIP,,,,
ROUMANIE,PITESTI,"Pont 3 50/12,5 T PROMPT ",Elingue,,,,PAL/L04,2012.0,,14.0,840000.0,RGE,Evaluation interne,2032,N,2051,40000,,,,,,,,5000,,,,,,,,,,,,,,,,,,,,,,,,,,,,,,,,,,,,"Pont 3 50/12,5 T PROMPT ",,,WIP,2025.0,,,
ROUMANIE,PITESTI,Pont 4 50/25 T PROMPT,Elingue,EGT,,,exL3/L4,2014.0,,12.0,840000.0,RG ISCIR,Evaluation interne,2034,N,2053,40000,,,,,,,,,,,,,,,,,,,,,,,,,,,,,5000,,,,,,,,,,,,,,,Pont 4 50/25 T PROMPT,,,WIP,,,,
ROUMANIE,PITESTI,Pont 5 32/8T PROMPT,Elingue,2026,65000,,STOCKAGE,2013.0,,13.0,675000.0,RG ISCIR,Evaluation interne,2033,N,2052,40000,,,,,,,,,,,5000,,,,,,,,,,,,,,,,,,,,,,,,,,,,,,,,,Pont 5 32/8T PROMPT,,,WIP,,"confirmé Cristi, modifié Bogdan/Alice",2025.0,
ROUMANIE,PITESTI,Pont 6 32/32 T PROMPT,Elingue,,,,MAP/STOCKAGE,2017.0,,9.0,,RG ISCIR,Evaluation interne,2037,N,2056,40000,,,,,,,,,,,,,,,,,,,,,,,5000,,,,,,,,,,,,,,,,,,,,,Pont 6 32/32 T PROMPT,,,WIP,,,,
ROUMANIE,PITESTI,Pont 7 32/8T PROMPT ,Elingue,EGT,,,DECOUPE,2013.0,,13.0,675000.0,RG ISCIR,Evaluation interne,2033,N,2028,40000,,,,,,,,,,,5000,,,,,,,,,,,,,,,,,,,,,,,,,,,,,,,,,Pont 7 32/8T PROMPT ,,,WIP,,,,
ROUMANIE,PITESTI,Pont 8 16/16 T SECAL,Elingue,EGT,,,X,2020.0,,6.0,,RG ISCIR,Evaluation interne,2040,N,2059,40000,,,,,,,,,,,,,,,,,,,,,,,,,,,,,,,,5000,,,,,,,,,,,,Pont 8 16/16 T SECAL,,,WIP,,,,
ROUMANIE,PITESTI,Pont 8bis  5 T( atelier maintenance LUGOMET/ MONCOR),,,,,MAINTENANCE,1998.0,modernisé 2013,28.0,,, , ,O,2031,2500,,,,,,,,,,,,,,,,,,,,2500,,,,,,,,,,,,,,,,,,,,,,,,Pont 8bis  5 T( atelier maintenance LUGOMET/ MONCOR),,,WIP,,,,
ROUMANIE,PITESTI,Pont 9 32/8 T PROMPT,Pince,,,,BOBINES,2008.0,,18.0,,, , ,O,2032,2500,,,,,,,,,,,,,,,,,,,,,,,2500,,,,,,,,,,,,,,,,,,,,,Pont 9 32/8 T PROMPT,,,WIP,,,,
ROUMANIE,PITESTI,Pont 10 16/16 T PROMPT,Pince,,,,BOBINES,2008.0,,18.0,,, , ,N,2047,40000,,,,,,,,,,,,,,,,,,,,,,,,,,,,,,,,,,,,,,,,,,,,Pont 10 16/16 T PROMPT,,,WIP,,,,
ROUMANIE,PITESTI,Pont 10 bis (  usinage maintenance) LUGOMET ,,,,,MAINTENANCE,1998.0,modernisé 2013,28.0,,, , ,O,2031,2500,,,,,,,,,,,,,,,,,,,,2500,,,,,,,,,,,,,,,,,,,,,,,,Pont 10 bis (  usinage maintenance) LUGOMET ,,,WIP,,,,
ROUMANIE,PITESTI,Pont 11 32/8T PROMPT,Pince,,,,BOBINES,2007.0,,19.0,675000.0,RG ISCIR, , ,N,2029,40000,,,,,,,,,,,,,,,,,,,,,,,,170000,,,,,,,,,,,,,,,,,,,,Pont 11 32/8T PROMPT,,,WIP,,,,
ROUMANIE,PITESTI,Pont 11 BIS 16/16 PROMPT,Pince,,,,,,,,,,,,N,2030,,,,,,,,,,,,,,,,,,,,,,,,,,,,,,,,,,,,,,,,,,,,,,,,,,,,
ROUMANIE,PITESTI,Pont  12  16/16 T PROMPT,Elingue,,,,MPR,2007.0,,19.0,500000.0,RG ISCIR, , ,N,2032,40000,,,,,,,,,,,,,,,,,,,,,,,,170000,,,,,,,,,,,,,,,,,,,,Pont 11 bis( ou 12)  16/16 T PROMPT,,,WIP,,,,
ROUMANIE,PITESTI,Pont 13 TGSE 50/25 T PROMPT,Elingue,EGT,,,L12 (MEF),2012.0,,14.0,840000.0,RG ISCIR,Evaluation interne,2032,N,2051,40000,,,,,,,,5000,,,,,,,,,,,,,,,,,,,,,,,,,,,,,,,,,,,,Pont 13 TGSE 50/25 T PROMPT,,,WIP,,,,
ROUMANIE,PITESTI,Pont 14 TGSE 50 T PROMPT ,Elingue,2026,65000,,L12 (PROD),2012.0,Tambours,14.0,840000.0,RGM,Evaluation interne,2032,N,2051,40000,,,,,,,,5000,90000,,,,,,,,,,,,,,,,,,,,,,,,,,,,,,,,,,,Pont 14 TGSE 50 T PROMPT ,,,WIP,2025.0,confirmé Cristi,,
ROUMANIE,PITESTI,Pont 15 HS 63 T ADC,Pince,,,,XL HS ,2019.0,,7.0,,RG,Evaluation interne,2039,N,2039,40000,75000,,,,,,,,,,,,,,,,,,,,,,,,,,,,5000,,,,,,,,,,,,,,,Pont 15 HS 63 T ADC,,,WIP,,,,
ROUMANIE,PITESTI,PINCE 50T PONT 15,PINCE,,,,XL HS ,2019.0,,7.0,,,Evaluation interne,2039,,2039,,,,,,,,,,,,,,,,,,,,,,,,,,,,,,5000,,,,,,,,,,,,,,,,,,,,,,
ROUMANIE,PITESTI,Pont 16 HS 50/25 T ADC,Elingue,2027,65000,,XL HS ,2019.0,,7.0,,RG ISCIR,Evaluation interne,2039,N,2039,40000,,,,,,,,,,,,,,,,,,,,,,,,,,,,,5000,,,,,,,,,,,,,,,Pont 16 HS 50/25 T ADC,,,WIP,,,,
ROUMANIE,PITESTI,Pont 5T MONCOR  atelier maintenance pont ,Elingue,,,,MAINTENANCE,2013.0,,13.0,70000.0,RG ISCIR,Evaluation interne,2033,N,2052,40000,,,,,,,,,,,5000,,,,,,,,,,,,,,,,,,,,,,,,,,,,,,,,,Pont 5T MONCOR  atelier maintenance pont ,,,WIP,,,,
ROUMANIE,PITESTI,"Pont depot tole  bobines N°1 , 32 T PROMPT",Pince,,,,BOBINES,2008.0,,18.0,,, , ,O,2032,2500,,,,,,,,,,,,,,,,,,,,,,,2500,,,,,,,,,,,,,,,,,,,,,"Pont depot tole  bobines N°1 , 32 T PROMPT",,,WIP,,,,
ROUMANIE,PITESTI,"Pont depot tole  bobines N°2 , 32 T PROMPT",Pince,,,,BOBINES,2008.0,,18.0,,, , ,O,2032,2500,,,,,,,,,,,,,,,,,,,,,,,2500,,,,,,,,,,,,,,,,,,,,,"Pont depot tole  bobines N°2 , 32 T PROMPT",,,WIP,,,,
SLOVENIE,REVOZ,Pont 40/10 T N°1 MOSTOVNA ch. DEMAG,Elingue,EGT,,,STOCKAGE,2003.0,,23.0,,RGE, , ,N,2042,40000,,,,,,,,,,,,,,,170000,,,,,,,,,,,,,,,,,,,,,,,,,,,,,Pont 40/10 T N°1 MOSTOVNA ch. DEMAG,,,2027,2027.0,,,
SLOVENIE,REVOZ,Pont 40/10 T  N°2 MOSTOVNA ch. DEMAG,Elingue,EGT,,,STOCKAGE,2003.0,,23.0,,RGE, , ,N,2042,40000,,,,,,,,,,,,,,,,,,170000,,,,,,,,,,,,,,,,,,,,,,,,,,Pont 40/10 T  N°2 MOSTOVNA ch. DEMAG,,,2028,2027.0,,,
SLOVENIE,REVOZ,Pont 40/10  T  N°3 MOSTOVNA ch. DEMAG,Pince,,,,BOBINES,2004.0,,22.0,,RGE, , ,N,2043,40000,,,,,,,,,,,,,,,,,,,,,170000,,,,,,,,,,,,,,,,,,,,,,,Pont 40/10  T  N°3 MOSTOVNA ch. DEMAG,,,2029,2027.0,,,
SLOVENIE,REVOZ,pont 40/25 T N°4 MOSTOVNA ch. DEMAG,Elingue,,,,MAP & INJECTION,1989.0,modernisé 2005,37.0,490000.0,RG, , ,O,2024,19000,,19000,,,20000,,450000,,,,,,,,,,,,,,,,,,,,,,,,,,,,,,,,,,,,,pont 40/25 T N°4 MOSTOVNA ch. DEMAG,,,2026,,,,
SLOVENIE,REVOZ,SP 10T MOSTOVNA - sous pont 4,,,,,MAP/MAINTENANCE,1997.0,,29.0,,RGE,,,,,,,,,,,,,,50000,,,,,,,,,,,,,,,,,,,,,,,,,,,,,,,,,,,,,,,,,,
SLOVENIE,REVOZ,Pont 10 T N°5 MOSTOVNA ch. STAHL,Elingue,EGT,,,X,1997.0,,29.0,150000.0,RGE, , ,N,2036,40000,,,,,30000,,,,,,,,,,,,,,,,,,,,,,,,,,,30000,,,,,,,,,,,,Pont 10 T N°5 MOSTOVNA ch. STAHL,,,2026,,,,
SLOVENIE,REVOZ,Pont 40/40/10 N° 7 MOSTOVNA ch. DEMAG,Elingue,EGT,,,L07,2004.0,,22.0,,RGE, , ,N,2043,40000,,,,,,,,,,,,,,,,,,,,,,,,170000,,,,,,,,,,,,,,,,,,,,Pont 40/40/10 N° 7 MOSTOVNA ch. DEMAG,,,2030,,,,
SLOVENIE,REVOZ,Pont 45/45/10 N°8 SEVAL (OMIS),Elingue,EGT,,,STOCK L07,2013.0,chgt cables 2022 env - mais usures avancées ,13.0,,,Evaluation interne,2033,N,2052,40000,,,,,,,,,,,,,,,,,,,,,,,,,,,,,,,,,,,,,,,,,,,,Pont 45/45/10 N°8 SEVAL (OMIS),,,,,,,
TURQUIE,Bursa,Pont XL HS GMT,Elingue,2026,55000,,XL HS,2024.0,,2.0,,,Evaluation interne,2044,N,2044,40000,,,,,,,,,,,,,,,,,,,,,,,,,,,,,,,,,,,,,,,,,,,,,,,,2025.0,,,
TURQUIE,Bursa,Pont bobines PAL 2 32 T,PINCE,,,,X,2020.0,,6.0,,,Evaluation interne,2040,N,2040,40000,,,,,,,,,,,,,,,,,,,,,,,,,,,,,,,,,,,,,,,,,,,,,,,,,,,
TURQUIE,Bursa,Pont 45/45 T XLHS GMT,Elingue,2025,55000,,XL HS,2017.0,,9.0,,,Evaluation interne,2037,N,2037,40000,55000,,,,,,,,,,,,,,,,,,,,,,,,,,,,,,,,,,,,,,,,,,,Pont 45/45 T XLHS GMT,,,,2024.0,,,
TURQUIE,Bursa,Pont 50/20 T GP10 GP20 GMT,Elingue,EGT,,,L10,2005.0,,21.0,,RGE, , ,N,2044,40000,,,,,,,,,,,,,,,,,,170000,,,,,,,,,,,,,,,,,,,,,,,,,,Pont 50/20 T GP10 GP20 GMT,,,2029,,,,
TURQUIE,Bursa,Pont 50/20 T GP30 GP40 GMT,Elingue,EGT,,,P45/MPR,2005.0,,21.0,840000.0,RGE, , ,N,2044,40000,,,,,,,,,,,,,,,,,,170000,,,,,,,,,,,,,,,,,,,,,,,,,,Pont 50/20 T GP30 GP40 GMT,,,2030,,,,
TURQUIE,Bursa,Pont 50/20 T TGP 100 GMT,Elingue,2027,55000,,L100,2005.0,,21.0,,RGE, , ,N,2044,40000,,,,,,,,,,,,,,,,,,170000,,,,,,,,,,,,,,,,,,,,,,,,,,Pont 50/20 T TGP 100 GMT,,,2031,,,,
TURQUIE,Bursa,Pont 50/20 T Maintenance GMT,Elingue,,,,MAINTENANCE,2005.0,,21.0,,RGE, , ,N,2044,40000,,,,,,,,,,,,,,,,,,,,,170000,,60000,,,,,,,,,,,,,,,,,,,,,Pont 50/20 T Maintenance GMT,,,2032,,,,
TURQUIE,Bursa,Pont 50/20 T Inj. Plast GMT,Elingue,,,,INJECTION,2005.0,HORS SCOPE DEPT EMB,21.0,,RGE, , ,N,2044,40000,,,,,,,,,,,,,,,,,,,,,,,,170000,,60000,,,,,,,,,,,,,,,,,,Pont 50/20 T Inj. Plast GMT,,,2033,,,,
TURQUIE,Bursa,Pont bobines PAL 1 32 T,PINCE,,,,X,2005.0,,21.0,,RGE, , ,N,2044,40000,,,,,,,,,,,,,,,,,,,,,,,,170000,,,,,,,,,,,,,,,,,,,,Pont bobines ?,,,,,,,
TURQUIE,Bursa,SP 15 T Maintenance VINCSAN,,NC,,,MAINTENANCE,1992.0,,34.0,,RGE, , ,N,2031,25000,,,,,,,,,80000,,,,,,,,,,,,,,,,,,,,,,,,,,,,,,,,,,,SP 15 T Maintenance VINCSAN,Manipulation ,,,,,,
TURQUIE,Bursa,SP 10T Maintenance VINCSAN,,NC,,,MAINTENANCE,1992.0,,34.0,,RGE, , ,N,2031,25000,,,,,,,,,80000,,,,,,,,,,,,,,,,,,,,,,,,,,,,,,,,,,,SP 10T Maintenance VINCSAN,Manipulation ,,,,,,
